City_ID,City,Country,Lat,Lng,Max Temp,Humidity,Cloudiness,Wind Speed,Weather Description
0,Bredasdorp,ZA,-34.5322,20.0403,60.28,67,54,14.97,broken clouds
1,Bluff,NZ,-46.6,168.3333,47.8,63,42,26.82,scattered clouds
2,Port Elizabeth,ZA,-33.918,25.5701,65.1,67,0,24.16,clear sky
3,Altamira,BR,-3.2033,-52.2064,93.29,55,75,8.05,broken clouds
4,Hermanus,ZA,-34.4187,19.2345,60.8,84,36,14.81,scattered clouds
5,Berlevag,NO,70.8578,29.0864,46.4,61,0,9.22,clear sky
6,Rikitea,PF,-23.1203,-134.9692,74.23,72,21,22.06,few clouds
7,Kodiak,US,57.79,-152.4072,42.31,81,90,33.55,moderate rain
8,Mataura,NZ,-46.1927,168.8643,47.48,79,54,8.16,light rain
9,Qaanaaq,GL,77.484,-69.3632,17.69,63,31,5.57,scattered clouds
10,Namibe,AO,-15.1961,12.1522,67.24,89,86,3.42,overcast clouds
11,Tasiilaq,GL,65.6145,-37.6368,39.36,58,94,3.2,overcast clouds
12,Omboue,GA,-1.5746,9.2618,77.76,82,93,7.78,overcast clouds
13,East London,ZA,-33.0153,27.9116,67.14,82,0,14.97,clear sky
14,Vaini,TO,-21.2,-175.2,71.76,94,20,8.05,few clouds
15,Churapcha,RU,62.0025,132.4325,38.79,82,52,2.91,broken clouds
16,Yellowknife,CA,62.456,-114.3525,46.92,87,75,4.61,broken clouds
17,Kenitra,MA,34.261,-6.5802,74.16,75,100,8.93,overcast clouds
18,Fort Abbas,PK,29.1925,72.8536,83.46,70,30,11.18,scattered clouds
19,Makakilo City,US,21.3469,-158.0858,77.68,79,90,5.75,overcast clouds
20,Georgetown,MY,5.4112,100.3354,80.89,83,20,0.0,few clouds
21,Horodyshche,UA,49.2849,31.4451,45.81,85,100,6.24,overcast clouds
22,Pierre,US,44.3683,-100.351,74.32,35,1,0.0,clear sky
23,Provideniya,RU,64.3833,-173.3,32.94,76,98,3.29,overcast clouds
24,Chuy,UY,-33.6971,-53.4616,56.77,91,96,7.58,overcast clouds
25,Port Hedland,AU,-20.3167,118.5667,62.65,67,83,3.44,broken clouds
26,Wukari,NG,7.85,9.7833,78.01,82,89,4.5,overcast clouds
27,Busselton,AU,-33.65,115.3333,45.09,79,0,10.76,clear sky
28,Maine-Soroa,NE,13.2114,12.0241,86.38,46,100,5.57,overcast clouds
29,Upernavik,GL,72.7868,-56.1549,27.64,85,77,7.92,broken clouds
30,Talnakh,RU,69.4865,88.3972,34.59,74,7,4.79,clear sky
31,Narsaq,GL,60.9167,-46.05,43.02,41,22,9.82,few clouds
32,Atuona,PF,-9.8,-139.0333,77.92,73,6,16.82,clear sky
33,Caravelas,BR,-17.7125,-39.2481,74.8,60,99,12.44,overcast clouds
34,Dikson,RU,73.5069,80.5464,34.57,66,59,5.86,broken clouds
35,Hirara,JP,24.8,125.2833,83.75,74,3,9.37,clear sky
36,Kamiiso,JP,41.8167,140.65,62.4,94,55,5.53,broken clouds
37,New Norfolk,AU,-42.7826,147.0587,46.71,75,73,1.99,light rain
38,Aklavik,CA,68.2191,-135.0107,32.83,90,95,5.08,overcast clouds
39,Fuxin,CN,42.0156,121.6589,56.01,86,17,2.53,few clouds
40,Praia,CV,14.9215,-23.5087,82.94,65,20,9.22,few clouds
41,Goderich,CA,43.7501,-81.7165,60.91,87,100,10.36,overcast clouds
42,Erfurt,DE,50.9833,11.0333,65.93,63,0,11.5,clear sky
43,Kuusankoski,FI,60.907,26.6244,45.12,81,75,13.8,broken clouds
44,Eureka,US,40.8021,-124.1637,73.2,72,96,1.01,overcast clouds
45,Kapaa,US,22.0752,-159.319,79.12,77,75,3.0,moderate rain
46,Mar Del Plata,AR,-38.0023,-57.5575,57.22,88,90,3.44,overcast clouds
47,Albany,US,42.6001,-73.9662,80.85,72,96,1.01,overcast clouds
48,Avarua,CK,-21.2078,-159.775,71.65,56,40,6.91,scattered clouds
49,Hobart,AU,-42.8794,147.3294,47.05,78,64,8.05,broken clouds
50,Winchester,GB,51.0651,-1.3187,65.77,79,40,1.01,scattered clouds
51,Penzance,GB,50.1186,-5.5371,61.81,90,50,10.07,scattered clouds
52,Mahebourg,MU,-20.4081,57.7,71.89,83,75,12.66,broken clouds
53,Teya,RU,60.3778,92.6267,33.08,94,100,6.6,overcast clouds
54,Bengkulu,ID,-3.8004,102.2655,75.61,91,48,3.62,scattered clouds
55,Cockburn Town,TC,21.4612,-71.1419,85.96,66,40,5.75,scattered clouds
56,Hilo,US,19.7297,-155.09,79.61,79,40,4.61,light rain
57,Jamestown,US,42.097,-79.2353,62.51,53,90,13.0,overcast clouds
58,Labelle,US,26.7617,-81.4384,91.98,51,51,4.03,broken clouds
59,Roald,NO,62.5833,6.1333,51.91,71,75,12.66,broken clouds
60,Tuktoyaktuk,CA,69.4541,-133.0374,32.0,93,90,0.0,light snow
61,Castro,BR,-24.7911,-50.0119,69.69,39,60,5.73,broken clouds
62,Egvekinot,RU,66.3167,-179.1667,24.01,95,100,2.91,light snow
63,Iringa,TZ,-7.7667,35.7,62.65,52,27,9.84,scattered clouds
64,Deputatskiy,RU,69.3,139.9,33.51,86,100,4.94,overcast clouds
65,Ilinskiy,RU,55.619,38.1182,50.58,100,100,4.47,overcast clouds
66,Esperance,AU,-33.8667,121.9,51.64,63,82,13.87,broken clouds
67,Port Alfred,ZA,-33.5906,26.891,66.15,67,100,17.34,overcast clouds
68,Usinsk,RU,65.9939,57.5281,38.53,92,100,7.74,overcast clouds
69,Paamiut,GL,61.994,-49.6678,34.29,78,38,14.34,scattered clouds
70,La Romana,DO,18.4273,-68.9728,89.96,70,40,9.22,scattered clouds
71,Punta Arenas,CL,-53.15,-70.9167,50.11,40,40,23.02,scattered clouds
72,Arraial Do Cabo,BR,-22.9661,-42.0278,71.46,53,75,10.36,broken clouds
73,Saldanha,ZA,-33.0117,17.9442,59.05,92,26,2.68,scattered clouds
74,Parthenay,FR,46.6667,-0.4167,69.49,44,2,4.45,clear sky
75,Lompoc,US,34.6391,-120.4579,71.85,82,90,6.91,mist
76,Ushuaia,AR,-54.8,-68.3,51.42,34,20,26.46,few clouds
77,Jardinopolis,BR,-21.0178,-47.7639,90.82,22,0,8.05,clear sky
78,Vila Velha,BR,-20.3297,-40.2925,73.35,49,40,17.27,scattered clouds
79,Aswan,EG,24.0934,32.907,94.3,10,0,12.66,clear sky
80,Puerto Escondido,MX,15.85,-97.0667,88.63,58,40,4.61,scattered clouds
81,Barrow,US,71.2906,-156.7887,21.22,93,20,8.05,few clouds
82,Grindavik,IS,63.8424,-22.4338,45.07,100,90,9.22,light intensity drizzle
83,Zonguldak,TR,41.25,31.8333,48.22,94,100,2.95,light rain
84,Port Blair,IN,11.6667,92.75,80.04,81,100,10.33,overcast clouds
85,Sobolevo,RU,54.4299,31.8996,40.89,96,100,6.4,overcast clouds
86,Varhaug,NO,58.6147,5.6457,53.15,80,64,30.78,broken clouds
87,Yuzhnyy,RU,53.2542,83.6936,39.58,93,75,2.24,mist
88,Kirakira,SB,-10.4544,161.9205,77.4,86,58,7.11,broken clouds
89,Butaritari,KI,3.0707,172.7902,81.88,77,49,16.02,light rain
90,Nacala,MZ,-14.5428,40.6728,74.28,76,6,11.77,clear sky
91,Gat,IL,31.61,34.7642,77.68,62,0,9.1,clear sky
92,Lagoa,PT,39.05,-27.9833,68.79,64,42,8.72,scattered clouds
93,Ostrovnoy,RU,68.0531,39.5131,45.27,85,33,20.94,scattered clouds
94,Geraldton,AU,-28.7667,114.6,54.01,94,0,8.05,clear sky
95,Darnah,LY,32.767,22.6367,74.95,66,10,18.41,clear sky
96,Fukue,JP,32.6881,128.8419,75.25,62,48,10.51,scattered clouds
97,Bambous Virieux,MU,-20.3428,57.7575,71.85,83,75,12.66,light rain
98,Buta,CD,2.7858,24.73,71.96,90,56,4.18,broken clouds
99,Belyy Yar,RU,53.6039,91.3903,39.09,87,40,8.95,light intensity shower rain
100,Nikolskoye,RU,59.7035,30.7861,46.29,88,94,9.06,overcast clouds
101,Pisco,PE,-13.7,-76.2167,68.02,77,20,10.36,few clouds
102,Okhotsk,RU,59.3833,143.3,46.53,72,4,2.55,clear sky
103,Chokurdakh,RU,70.6333,147.9167,27.84,90,100,5.48,overcast clouds
104,Khatanga,RU,71.9667,102.5,33.31,98,100,6.29,overcast clouds
105,Parambu,BR,-6.2111,-40.6944,97.38,21,35,8.34,scattered clouds
106,Lata,PT,40.1629,-8.3327,68.41,73,100,1.45,overcast clouds
107,Vestmannaeyjar,IS,63.4427,-20.2734,45.59,93,90,12.66,mist
108,Hasaki,JP,35.7333,140.8333,70.2,74,93,13.87,overcast clouds
109,Cape Town,ZA,-33.9258,18.4232,62.89,82,40,1.01,scattered clouds
110,Elat,IL,29.5581,34.9482,87.64,35,0,13.8,clear sky
111,Saskylakh,RU,71.9167,114.0833,33.75,98,100,12.15,overcast clouds
112,Samarai,PG,-10.6167,150.6667,77.45,84,97,13.69,overcast clouds
113,Norman Wells,CA,65.282,-126.8329,33.84,93,75,0.0,broken clouds
114,Acara,BR,-1.9608,-48.1967,95.9,38,77,4.38,broken clouds
115,Zharkent,KZ,44.1628,80.0,59.85,25,85,3.91,overcast clouds
116,Kazachinskoye,RU,57.6953,93.2761,34.63,93,99,2.62,overcast clouds
117,Bathsheba,BB,13.2167,-59.5167,90.21,62,20,12.66,few clouds
118,Saint-Philippe,RE,-21.3585,55.7679,69.35,77,39,13.09,scattered clouds
119,Eyl,SO,7.9803,49.8164,78.22,82,41,21.39,scattered clouds
120,Carnarvon,AU,-24.8667,113.6333,68.07,73,0,18.41,clear sky
121,Hambantota,LK,6.1241,81.1185,80.94,89,20,10.36,few clouds
122,Puerto Ayora,EC,-0.7393,-90.3518,76.96,82,88,10.07,overcast clouds
123,College,US,64.8569,-147.8028,34.23,65,90,5.75,overcast clouds
124,Vila Franca Do Campo,PT,37.7167,-25.4333,72.01,61,33,8.72,scattered clouds
125,Kaoma,ZM,-14.7833,24.8,73.13,24,74,6.64,broken clouds
126,Meulaboh,ID,4.1363,96.1285,78.06,86,83,2.53,broken clouds
127,Beringovskiy,RU,63.05,179.3167,36.72,98,100,7.7,light rain
128,Mucurapo,TT,10.6667,-61.5333,92.01,60,26,5.03,scattered clouds
129,Bumba,CD,2.1833,22.4667,68.85,97,100,0.78,overcast clouds
130,North Charleston,US,32.8886,-80.0075,82.92,60,1,8.05,clear sky
131,Balaghat,IN,21.8,80.1833,75.74,93,98,2.89,overcast clouds
132,Salalah,OM,17.0151,54.0924,82.49,89,75,8.05,broken clouds
133,Waitati,NZ,-45.75,170.5667,48.79,71,34,15.5,scattered clouds
134,Baykit,RU,61.67,96.37,33.31,98,100,4.99,light snow
135,Punto Fijo,VE,11.6956,-70.1996,89.71,59,100,9.01,overcast clouds
136,Ambilobe,MG,-13.2,49.05,72.05,72,2,4.7,clear sky
137,Nizhneudinsk,RU,54.9076,99.0276,38.61,96,100,1.3,light rain
138,Airai,TL,-8.9266,125.4092,57.72,63,95,1.83,overcast clouds
139,Tiksi,RU,71.6872,128.8694,38.14,83,100,22.62,light rain
140,Sinnamary,GF,5.3833,-52.95,86.59,61,49,12.53,scattered clouds
141,Lavrentiya,RU,65.5833,-171.0,30.85,71,80,1.12,broken clouds
142,Mount Isa,AU,-20.7333,139.5,46.17,36,13,0.0,few clouds
143,Pangnirtung,CA,66.1451,-65.7125,32.0,69,75,16.11,broken clouds
144,Gananoque,CA,44.3334,-76.1661,72.99,92,96,14.34,moderate rain
145,Nanortalik,GL,60.1432,-45.2371,37.51,75,11,22.28,few clouds
146,Ayr,GB,55.4627,-4.6339,58.98,94,90,13.8,overcast clouds
147,Leningradskiy,RU,69.3833,178.4167,25.09,94,100,6.62,overcast clouds
148,Naze,JP,28.3667,129.4833,76.19,66,0,9.15,clear sky
149,Challapata,BO,-18.9,-66.7667,59.41,28,99,13.35,overcast clouds
150,Majene,ID,-3.5403,118.9707,75.81,88,97,5.79,overcast clouds
151,Hithadhoo,MV,-0.6,73.0833,82.2,78,85,21.12,moderate rain
152,Kununurra,AU,-15.7667,128.7333,51.78,76,4,1.14,clear sky
153,Hamilton,US,39.1834,-84.5333,67.05,70,75,3.0,broken clouds
154,Nyahururu,KE,0.0421,36.3673,57.96,69,91,6.89,overcast clouds
155,Ivanivka,UA,46.7208,34.553,51.57,66,91,7.09,overcast clouds
156,Arlit,NE,18.7369,7.3853,97.95,16,39,4.23,scattered clouds
157,Amapa,BR,1.0,-52.0,95.09,35,66,5.28,broken clouds
158,Zyryanskoye,RU,56.8306,86.6258,31.28,94,62,3.58,broken clouds
159,Marfino,RU,55.7028,37.3822,50.14,100,0,2.24,clear sky
160,Tonstad,NO,58.6626,6.7169,53.35,87,68,28.27,broken clouds
161,Rawson,AR,-43.3002,-65.1023,69.42,31,1,6.85,clear sky
162,Tura,IN,25.5198,90.2201,73.78,94,15,2.35,few clouds
163,Areka,ET,7.0667,37.7,60.91,90,59,4.97,moderate rain
164,Sacramento,US,38.4666,-121.3177,94.51,33,1,1.01,clear sky
165,Ponta Do Sol,PT,32.6667,-17.1,74.12,44,98,4.81,overcast clouds
166,Santa Maria Da Boa Vista,BR,-8.8078,-39.8256,95.61,27,69,18.75,broken clouds
167,Nyurba,RU,63.2842,118.3319,39.11,77,100,4.32,overcast clouds
168,Victoria,HK,22.2855,114.1577,85.32,83,83,1.01,broken clouds
169,Tevaitoa,PF,-16.7833,-151.5,77.79,70,18,11.01,few clouds
170,Kavaratti,IN,10.5669,72.642,81.84,78,84,15.08,broken clouds
171,Zemio,CF,5.0314,25.1361,66.99,98,92,3.67,moderate rain
172,Sitka,US,57.0531,-135.33,55.29,67,90,20.71,light rain
173,Kushiro,JP,42.975,144.3747,55.56,92,100,13.8,light rain
174,Waddan,LY,29.1614,16.139,92.28,14,4,13.44,clear sky
175,Ancud,CL,-41.8697,-73.8203,56.43,73,95,14.0,overcast clouds
176,Goias,BR,-15.5807,-49.6362,103.12,14,21,3.83,few clouds
177,Lyubinskiy,RU,55.1542,72.6925,40.68,74,97,4.54,overcast clouds
178,Camocim,BR,-2.9022,-40.8411,86.81,61,85,21.03,overcast clouds
179,Hailey,US,43.5196,-114.3153,66.9,44,75,11.5,broken clouds
180,San Joaquin,US,37.9333,-121.3011,87.51,24,84,7.29,broken clouds
181,Brighton,GB,50.8284,-0.1395,65.55,89,20,12.66,few clouds
182,Yermish,RU,54.7678,42.2711,49.82,94,100,7.2,moderate rain
183,Husavik,IS,66.0449,-17.3389,39.11,78,100,17.29,overcast clouds
184,Mokhsogollokh,RU,61.4681,128.9203,41.05,96,100,4.07,overcast clouds
185,Kampot,KH,10.6167,104.1833,78.67,87,100,5.91,heavy intensity rain
186,Aripuana,BR,-9.1667,-60.6333,103.62,20,52,1.95,broken clouds
187,Labuhan,ID,-6.8844,112.2051,81.36,74,100,7.63,overcast clouds
188,Prescott,US,34.54,-112.4685,81.68,18,1,1.01,clear sky
189,Atbasar,KZ,51.8,68.3333,37.65,71,19,7.4,few clouds
190,Dunedin,NZ,-45.8742,170.5036,48.79,71,45,18.01,scattered clouds
191,Severo-Kurilsk,RU,50.6789,156.125,48.16,93,100,24.38,light rain
192,Portland,US,45.5234,-122.6762,67.62,79,90,1.01,overcast clouds
193,Nedjo,ET,9.5046,35.5019,59.38,96,94,1.79,light rain
194,Noumea,NC,-22.2763,166.4572,57.18,66,9,8.88,clear sky
195,Kahului,US,20.8947,-156.47,79.86,82,20,18.41,few clouds
196,Meadow Lake,US,34.8014,-106.5436,81.61,21,100,5.88,overcast clouds
197,Fortuna,US,40.5982,-124.1573,72.93,64,20,3.0,few clouds
198,Bonoua,CI,5.2741,-3.595,80.22,85,79,5.73,broken clouds
199,Klyuchi,RU,52.2667,79.1667,37.38,78,92,6.62,overcast clouds
200,Babu,CN,24.4167,111.5167,76.78,90,34,2.53,scattered clouds
201,San Patricio,US,28.017,-97.5169,86.41,24,2,6.17,clear sky
202,Iqaluit,CA,63.7506,-68.5145,31.73,80,40,20.71,scattered clouds
203,Jiuquan,CN,39.7432,98.5174,62.89,32,70,3.89,broken clouds
204,Thompson,CA,55.7435,-97.8558,55.56,88,90,8.05,overcast clouds
205,Solnechnyy,RU,50.7214,136.6319,41.14,76,9,4.14,clear sky
206,Keti Bandar,PK,24.1447,67.4497,81.86,82,78,12.62,broken clouds
207,Sao Filipe,CV,14.8961,-24.4956,79.88,76,39,5.57,scattered clouds
208,Namwala,ZM,-15.7504,26.4384,77.94,29,44,6.13,scattered clouds
209,Carauari,BR,-4.8828,-66.8958,93.7,45,97,1.01,overcast clouds
210,Yenagoa,NG,4.9247,6.2642,75.87,91,98,3.58,overcast clouds
211,Santa Rita,BR,-7.1139,-34.9781,84.87,61,40,13.8,scattered clouds
212,Kandrian,PG,-6.2167,149.55,75.83,92,99,8.16,light rain
213,Alice Springs,AU,-23.7,133.8833,47.75,37,4,5.75,clear sky
214,Seropedica,BR,-22.7439,-43.7075,73.22,45,27,10.22,scattered clouds
215,Bucerias,MX,20.75,-105.3333,88.99,66,1,4.61,clear sky
216,Sterling,US,39.0062,-77.4286,75.34,67,75,8.05,broken clouds
217,Antofagasta,CL,-23.65,-70.4,68.22,62,23,10.29,few clouds
218,Kieta,PG,-6.2167,155.6333,76.95,83,100,3.51,overcast clouds
219,Tankhoy,RU,51.5528,105.1306,46.83,73,63,7.07,broken clouds
220,Lebu,CL,-37.6167,-73.65,57.18,65,28,12.17,scattered clouds
221,Richards Bay,ZA,-28.783,32.0377,66.94,67,52,17.09,broken clouds
222,Dingle,PH,10.9995,122.6711,75.97,92,88,5.03,moderate rain
223,Chernyshevskiy,RU,63.0128,112.4714,35.98,94,100,2.51,overcast clouds
224,Bergen,NO,60.392,5.328,53.65,79,75,13.8,broken clouds
225,Eydhafushi,MV,5.1033,73.0708,83.46,74,100,17.58,overcast clouds
226,Kambove,CD,-10.8764,26.5969,70.97,30,42,5.1,scattered clouds
227,Gornopravdinsk,RU,60.05,69.9,35.55,91,83,3.98,broken clouds
228,Sar-E Pul,AF,35.8333,66.1667,58.57,30,0,2.33,clear sky
229,Ilulissat,GL,69.2167,-51.1,24.82,68,75,19.57,light shower snow
230,Bethel,US,41.3712,-73.414,80.2,79,75,1.01,broken clouds
231,Cabo San Lucas,MX,22.8909,-109.9124,93.51,69,1,3.0,clear sky
232,Santarem,BR,-2.4431,-54.7083,91.53,55,20,11.5,few clouds
233,Ola,RU,59.5833,151.2833,43.11,83,1,1.61,clear sky
234,Hay River,CA,60.8156,-115.7999,42.78,87,90,14.97,light intensity drizzle
235,Rock Sound,BS,24.9,-76.2,83.62,70,71,5.97,broken clouds
236,Mount Gambier,AU,-37.8333,140.7667,49.91,93,40,12.66,light rain
237,Flinders,AU,-34.5833,150.8552,63.18,59,0,3.0,clear sky
238,Morros,BR,-9.4467,-46.3003,102.92,13,9,7.43,clear sky
239,Skala Fourkas,GR,39.9998,23.3841,67.95,45,1,5.7,clear sky
240,Champerico,GT,14.3,-91.9167,88.34,70,84,5.46,broken clouds
241,Saint George,US,37.1041,-113.5841,88.27,18,1,0.0,clear sky
242,Vanavara,RU,60.34,102.2797,26.4,93,75,3.33,broken clouds
243,Praia Da Vitoria,PT,38.7333,-27.0667,71.85,73,20,7.85,few clouds
244,Kenai,US,60.5544,-151.2583,42.1,71,90,23.02,light rain
245,Alofi,NU,-19.0595,-169.9187,67.89,94,54,5.75,broken clouds
246,Qaqortoq,GL,60.7167,-46.0333,43.3,46,5,25.03,clear sky
247,Port Hardy,CA,50.6996,-127.4199,51.98,87,75,3.44,broken clouds
248,Ribeira Grande,PT,38.5167,-28.7,73.8,64,20,12.66,few clouds
249,Lasa,IT,46.6166,10.7002,58.08,69,37,3.38,scattered clouds
250,Progreso,MX,21.2833,-89.6667,91.11,67,100,9.31,overcast clouds
251,Turukhansk,RU,65.8167,87.9833,31.48,92,97,7.96,overcast clouds
252,Akdepe,TM,42.0551,59.3788,69.89,18,21,16.6,few clouds
253,Wilmington,US,34.2257,-77.9447,81.86,73,75,11.5,broken clouds
254,Houma,US,29.5958,-90.7195,78.01,47,1,9.22,clear sky
255,Ahipara,NZ,-35.1667,173.1667,56.5,88,99,16.02,overcast clouds
256,Shache,CN,38.4167,77.2406,71.47,19,0,4.52,clear sky
257,Codrington,AU,-38.2667,141.9667,52.92,84,27,15.75,scattered clouds
258,Mayumba,GA,-3.432,10.6554,76.66,83,77,5.5,broken clouds
259,Harer,ET,9.3094,42.1258,61.38,89,72,4.65,light rain
260,Abonnema,NG,4.7084,6.7931,76.89,87,96,3.2,overcast clouds
261,Belmonte,BR,-15.8631,-38.8828,75.2,64,100,13.91,overcast clouds
262,Comodoro Rivadavia,AR,-45.8667,-67.5,69.66,28,75,16.11,broken clouds
263,Lianzhou,CN,24.7811,112.3825,75.25,93,12,1.74,light rain
264,Umm Lajj,SA,25.0213,37.2685,86.49,53,1,9.26,clear sky
265,Ugoofaaru,MV,5.6667,73.0,83.21,76,84,18.07,broken clouds
266,Kefalos,GR,36.7453,26.9589,66.42,55,20,24.16,few clouds
267,Ust-Ilimsk,RU,58.0006,102.6619,37.26,97,100,1.32,overcast clouds
268,Burley,US,42.5357,-113.7928,64.31,48,1,9.22,clear sky
269,Aranos,NA,-24.1333,19.1167,76.24,9,0,8.81,clear sky
270,Vardo,NO,70.3705,31.1107,46.38,66,0,21.85,clear sky
271,Areia Branca,BR,-4.9561,-37.1369,89.8,61,10,18.16,clear sky
272,Nome,US,64.5011,-165.4064,24.87,74,1,6.91,clear sky
273,Lebyazhye,RU,55.2689,66.4947,42.13,65,97,3.89,overcast clouds
274,Haputale,LK,6.7681,80.9595,64.99,71,78,4.16,broken clouds
275,Bubaque,GW,11.2833,-15.8333,82.42,71,92,3.69,overcast clouds
276,San Ramon,US,37.7799,-121.978,90.23,35,1,1.01,haze
277,Nieuw Nickerie,SR,5.95,-56.9833,84.15,70,67,10.4,broken clouds
278,Ballina,AU,-28.8667,153.5667,56.79,93,1,1.14,clear sky
279,Kidal,ML,18.4411,1.4078,96.87,21,67,7.29,broken clouds
280,Cabedelo,BR,-6.9811,-34.8339,84.87,62,46,13.71,scattered clouds
281,Lisala,CD,2.15,21.5167,67.75,99,100,2.35,overcast clouds
282,Dukat,RU,62.55,155.55,31.75,87,20,2.86,few clouds
283,Kaitangata,NZ,-46.2817,169.8464,43.9,75,44,15.21,scattered clouds
284,The Valley,AI,18.217,-63.0578,89.46,74,20,6.91,few clouds
285,Umarkot,PK,25.3616,69.7362,85.6,68,91,11.99,overcast clouds
286,Bandarbeyla,SO,9.4942,50.8122,78.12,85,75,29.68,broken clouds
287,Antalya,TR,36.7741,30.7178,72.19,35,0,17.27,light rain
288,Sechura,PE,-5.5569,-80.8222,77.25,58,40,11.63,scattered clouds
289,Tambura,SS,5.6,27.4667,66.65,96,100,3.38,light rain
290,Manokwari,ID,-0.8667,134.0833,77.29,83,100,5.08,overcast clouds
291,Ribeira Brava,PT,32.65,-17.0667,74.12,44,97,4.81,overcast clouds
292,Longyearbyen,SJ,78.2186,15.6401,44.44,65,40,18.41,scattered clouds
293,Strezhevoy,RU,60.7333,77.5889,39.18,98,100,7.27,light rain
294,Pevek,RU,69.7008,170.3133,28.78,95,100,7.87,light snow
295,Havre-Saint-Pierre,CA,50.2334,-63.5986,55.76,82,90,12.66,overcast clouds
296,Andenes,NO,69.3143,16.1194,48.18,76,75,2.3,light intensity drizzle
297,Kadoma,JP,34.7333,135.5833,73.38,67,85,4.52,overcast clouds
298,Chapais,CA,49.7834,-74.8492,47.98,93,100,10.63,overcast clouds
299,Shizunai,JP,42.3339,142.3669,63.25,92,92,7.58,moderate rain
300,Guna,IN,24.65,77.3167,76.77,85,36,6.89,scattered clouds
301,Chabahar,IR,25.2919,60.643,82.13,83,28,7.47,scattered clouds
302,Faanui,PF,-16.4833,-151.75,77.79,70,15,9.95,few clouds
303,Iguguno,TZ,-4.5697,34.6275,74.08,41,97,13.49,overcast clouds
304,Marsh Harbour,BS,26.5412,-77.0636,84.27,68,52,6.2,light rain
305,Kautokeino,NO,69.0125,23.0412,39.24,97,100,17.94,overcast clouds
306,Mahajanga,MG,-15.7167,46.3167,77.02,73,0,3.44,clear sky
307,Saint-Pierre,RE,-21.3393,55.4781,69.44,72,0,3.44,clear sky
308,Lerwick,GB,60.1545,-1.1494,50.0,76,87,10.2,overcast clouds
309,Tieli,CN,46.95,128.05,44.37,73,6,2.71,clear sky
310,Chino Valley,US,34.7575,-112.4538,84.15,19,1,1.99,clear sky
311,Dawson Creek,CA,55.7666,-120.2362,49.64,40,20,12.66,few clouds
312,Baghdad,IQ,33.3406,44.4009,85.91,30,0,2.3,clear sky
313,Ust-Nera,RU,64.5667,143.2,36.43,68,35,4.0,scattered clouds
314,Yerbogachen,RU,61.2767,108.0108,37.26,96,100,0.78,overcast clouds
315,San Cristobal,VE,7.7669,-72.225,80.78,60,100,7.18,overcast clouds
316,Porto Novo,BJ,6.4965,2.6036,80.42,82,94,6.85,overcast clouds
317,Kamina,CD,-8.7386,24.9906,74.7,22,96,4.94,overcast clouds
318,San Policarpo,PH,12.1791,125.5072,81.59,82,10,7.96,clear sky
319,Koumac,NC,-20.5667,164.2833,64.0,71,63,9.51,broken clouds
320,Nishihara,JP,26.1842,127.7558,79.88,84,20,5.75,few clouds
321,Xiaoweizhai,CN,26.1903,107.5125,68.31,98,12,3.38,few clouds
322,Mayo,US,38.8876,-76.5119,77.07,88,90,3.0,overcast clouds
323,Atikokan,CA,48.7555,-91.6216,68.63,34,0,7.4,clear sky
324,Saint-Georges,GD,12.0564,-61.7485,87.48,74,20,19.57,few clouds
325,Atasu,KZ,48.6814,71.6433,42.89,64,5,11.83,clear sky
326,Timizart,DZ,36.8,4.2667,81.21,50,93,9.93,overcast clouds
327,Olafsvik,IS,64.8945,-23.7142,40.24,92,100,19.51,light rain
328,Tecoanapa,MX,16.5167,-98.75,85.64,68,96,5.77,overcast clouds
329,Tahta,EG,26.7693,31.5021,91.72,27,0,14.72,clear sky
330,Clovis,US,36.8252,-119.7029,96.12,39,1,1.99,smoke
331,Slawno,PL,54.3628,16.6789,57.49,86,100,29.53,light rain
332,Sola,VU,-13.8833,167.55,79.47,100,75,0.0,broken clouds
333,Padang,ID,-0.9492,100.3543,77.05,87,50,3.09,scattered clouds
334,Tezu,IN,27.9167,96.1667,75.69,75,6,3.6,clear sky
335,Canmore,CA,51.0834,-115.3521,58.48,26,97,6.91,overcast clouds
336,Acapulco,MX,16.8634,-99.8901,85.82,74,40,8.05,scattered clouds
337,Dicabisagan,PH,17.0818,122.4157,78.37,88,8,4.99,clear sky
338,Gizo,SB,-8.103,156.8419,79.88,77,97,2.66,overcast clouds
339,Muroto,JP,33.2833,134.15,76.78,68,100,5.32,overcast clouds
340,La Paz,BO,-16.5,-68.15,53.58,62,75,11.5,broken clouds
341,Port Lincoln,AU,-34.7333,135.8667,54.0,92,0,9.04,clear sky
342,Orizona,BR,-17.0314,-48.2958,93.99,23,22,8.61,few clouds
343,Jinchang,CN,38.4953,102.1739,69.3,42,100,0.81,overcast clouds
344,Tuatapere,NZ,-46.1333,167.6833,47.82,78,48,10.65,light rain
345,Alta Floresta,BR,-9.8756,-56.0861,96.62,46,40,6.91,scattered clouds
346,Anadyr,RU,64.75,177.4833,32.5,100,90,2.24,light snow
347,Maromitsa,RU,59.8683,48.0123,46.62,76,100,7.45,light rain
348,Cidreira,BR,-30.1811,-50.2056,65.23,69,82,21.07,broken clouds
349,La Ligua,CL,-32.4524,-71.2311,65.98,31,0,7.54,clear sky
350,Acurenam,GQ,1.0322,10.6488,69.33,97,95,3.29,moderate rain
351,Asau,RO,46.4333,26.4,47.95,75,75,5.44,broken clouds
352,Sao Miguel Do Araguaia,BR,-13.275,-50.1628,106.83,12,11,8.23,few clouds
353,Hofn,IS,64.2539,-15.2082,39.16,97,100,12.66,overcast clouds
354,Kirkland Lake,CA,48.1446,-80.0377,47.23,93,100,11.41,moderate rain
355,Krasnoselkup,RU,65.7,82.4667,33.62,84,100,13.73,overcast clouds
356,Melilla,ES,35.2937,-2.9383,75.4,94,90,5.75,overcast clouds
357,Veraval,IN,20.9,70.3667,80.91,81,75,7.36,broken clouds
358,Bemidji,US,47.4736,-94.8803,73.06,42,1,14.97,clear sky
359,Maldonado,UY,-34.6667,-54.9167,61.99,86,100,8.66,overcast clouds
360,Tautira,PF,-17.7333,-149.15,75.22,75,0,12.33,moderate rain
361,Marck,FR,50.949,1.9433,63.97,91,83,11.56,broken clouds
362,Sioux Lookout,CA,50.1001,-91.917,69.87,37,20,10.36,few clouds
363,Tilichiki,RU,60.4667,166.1,41.56,88,94,5.23,overcast clouds
364,Berdigestyakh,RU,62.0989,126.6992,40.6,96,100,5.95,overcast clouds
365,Houston,US,29.7633,-95.3633,84.65,37,1,4.0,clear sky
366,Honiara,SB,-9.4333,159.95,76.06,87,91,3.8,overcast clouds
367,Lorengau,PG,-2.0226,147.2712,79.36,82,99,8.81,light rain
368,Xuanzhou,CN,30.9525,118.7553,72.82,74,81,6.89,light rain
369,Bada,RU,51.392,109.8717,34.81,91,2,2.98,clear sky
370,Ljungby,SE,56.8332,13.9408,51.8,82,89,16.87,overcast clouds
371,Umm Kaddadah,SD,13.6017,26.6876,95.99,13,36,12.73,scattered clouds
372,De-Kastri,RU,51.4667,140.7833,47.61,87,94,7.25,overcast clouds
373,Rundu,NA,-17.9333,19.7667,78.33,15,28,6.64,scattered clouds
374,Kropotkin,RU,45.4375,40.5756,53.38,90,100,3.18,light rain
375,Tazovskiy,RU,67.4667,78.7,32.99,80,86,9.91,overcast clouds
376,Teknaf,BD,20.8624,92.3058,78.91,89,68,4.0,light rain
377,Bealanana,MG,-14.55,48.7333,58.05,94,11,3.71,few clouds
378,Itarema,BR,-2.9248,-39.9167,85.59,61,70,18.9,broken clouds
379,Arman,RU,59.7,150.1667,42.76,76,0,4.25,clear sky
380,Hervey Bay,AU,-25.2986,152.8535,56.03,70,0,1.01,clear sky
381,Kudahuvadhoo,MV,2.6708,72.8944,83.08,76,89,17.65,overcast clouds
382,Cayenne,GF,4.9333,-52.3333,89.64,74,0,5.99,clear sky
383,Dubbo,AU,-32.25,148.6167,44.73,100,0,9.22,clear sky
384,Malanje,AO,-9.5402,16.341,80.08,17,95,3.53,overcast clouds
385,Catia La Mar,VE,10.6038,-67.0303,94.5,66,40,5.75,scattered clouds
386,Yulara,AU,-25.2406,130.9889,46.24,46,0,0.0,clear sky
387,Bozoum,CF,6.3193,16.3799,70.59,95,91,3.8,moderate rain
388,Wloszczowa,PL,50.8526,19.9659,60.19,66,100,15.59,overcast clouds
389,Pueblo,US,38.2545,-104.6091,86.38,11,1,3.44,clear sky
390,Lengshuitan,CN,26.4111,111.5956,79.18,74,6,4.41,light rain
391,Sorland,NO,67.667,12.6934,48.06,65,88,16.55,overcast clouds
392,Stornoway,GB,58.2093,-6.3865,55.92,94,75,9.22,broken clouds
393,Surt,LY,31.2089,16.5887,79.25,76,20,15.95,few clouds
394,Yashan,CN,22.1975,109.9419,77.07,94,97,3.51,overcast clouds
395,Neiafu,TO,-18.65,-173.9833,72.28,100,75,5.75,light rain
396,La Ronge,CA,55.1001,-105.2842,48.45,66,75,13.8,broken clouds
397,Evensk,RU,61.95,159.2333,39.74,80,21,3.29,few clouds
398,Bayonne,FR,43.3333,-1.4167,72.14,77,0,5.75,clear sky
399,Enumclaw,US,47.2043,-121.9915,64.81,80,86,1.99,overcast clouds
400,Necochea,AR,-38.5473,-58.7368,65.03,82,96,9.37,overcast clouds
401,Bilibino,RU,68.0546,166.4372,24.67,96,100,2.37,light snow
402,Lamar,US,33.6668,-95.5836,83.98,27,1,5.75,clear sky
403,Klaksvik,FO,62.2266,-6.589,41.92,87,100,23.35,overcast clouds
404,Pacific Grove,US,36.6177,-121.9166,83.61,82,1,4.0,clear sky
405,Khasan,RU,42.4308,130.6434,59.9,68,100,5.44,overcast clouds
406,Battle Creek,US,42.3212,-85.1797,55.67,87,90,12.66,overcast clouds
407,Saint-Joseph,RE,-21.3667,55.6167,68.36,75,35,13.35,scattered clouds
408,Yellapur,IN,14.9667,74.7167,68.43,100,100,2.93,overcast clouds
409,Blind River,CA,46.1834,-82.9582,50.25,91,100,14.18,overcast clouds
410,Laguna,US,38.421,-121.4238,93.22,33,1,4.0,clear sky
411,Plettenberg Bay,ZA,-34.0527,23.3716,60.53,75,100,10.38,overcast clouds
412,Luganville,VU,-15.5333,167.1667,76.95,85,76,8.88,broken clouds
413,Rioja,AR,-29.4111,-66.8507,79.29,19,1,10.51,clear sky
414,Burgersdorp,ZA,-30.9977,26.3286,63.66,36,90,6.29,overcast clouds
415,Thessalon,CA,46.2501,-83.5666,50.29,90,100,15.05,overcast clouds
416,Montepulciano,IT,43.1017,11.7868,65.12,50,44,2.48,scattered clouds
417,Poya,NC,-21.35,165.15,61.18,77,60,7.99,broken clouds
418,Waipawa,NZ,-41.4122,175.5153,52.45,81,2,7.85,clear sky
419,Miracema Do Tocantins,BR,-9.5618,-48.3967,106.72,14,31,4.54,scattered clouds
420,Vilhena,BR,-12.7406,-60.1458,99.64,17,95,2.26,overcast clouds
421,Verkhnevilyuysk,RU,63.4453,120.3167,39.87,77,100,4.0,overcast clouds
422,Mocuba,MZ,-16.8392,36.9856,69.04,84,6,4.54,clear sky
423,Denpasar,ID,-8.65,115.2167,78.46,94,20,9.22,few clouds
424,Honningsvag,NO,70.9821,25.9704,45.93,76,100,25.23,overcast clouds
425,Verkhoyansk,RU,67.5447,133.385,37.29,81,100,5.08,overcast clouds
426,Iranshahr,IR,27.2025,60.6848,93.54,33,0,4.61,clear sky
427,Mumford,GH,5.2618,-0.759,77.47,89,37,8.43,light rain
428,Montepuez,MZ,-13.1256,38.9997,71.53,73,4,8.61,clear sky
429,Rocha,UY,-34.4833,-54.3333,56.19,89,100,6.42,overcast clouds
430,Kasempa,ZM,-13.4584,25.8338,75.09,25,91,5.3,overcast clouds
431,Kalemie,CD,-5.9475,29.1947,78.17,51,91,2.28,overcast clouds
432,West Wendover,US,40.7391,-114.0733,72.61,23,1,6.91,clear sky
433,Peniche,PT,39.3558,-9.3811,74.68,71,44,18.21,scattered clouds
434,Flin Flon,CA,54.7682,-101.865,60.64,48,75,20.71,broken clouds
435,Villarrica,PY,-25.75,-56.4333,78.37,44,100,11.05,overcast clouds
436,Merauke,ID,-8.4667,140.3333,76.12,84,98,13.15,overcast clouds
437,Tateyama,JP,34.9833,139.8667,75.22,83,100,11.25,overcast clouds
438,Katsuura,JP,35.1333,140.3,75.31,84,100,7.16,overcast clouds
439,Winslow,US,35.0242,-110.6974,83.97,19,1,1.01,clear sky
440,San Lawrenz,MT,36.0553,14.204,75.85,78,64,1.99,broken clouds
441,Jalu,LY,29.0331,21.5482,87.87,20,0,10.71,clear sky
442,Puri,IN,19.8,85.85,81.12,79,74,8.84,broken clouds
443,Tarakan,ID,3.3,117.6333,79.38,81,100,4.16,overcast clouds
444,Mareeba,AU,-17.0,145.4333,65.12,97,42,2.42,scattered clouds
445,Amahai,ID,-3.3333,128.9167,76.17,91,99,3.02,moderate rain
446,Sept-Iles,CA,50.2001,-66.3821,54.25,89,90,1.99,overcast clouds
447,Kapoeta,SS,4.7717,33.5903,84.38,36,82,10.27,broken clouds
448,Touros,BR,-5.1989,-35.4608,88.7,65,55,16.04,broken clouds
449,Skibbereen,IE,51.55,-9.2667,64.2,85,98,10.38,overcast clouds
450,Lakes Entrance,AU,-37.8811,147.981,60.57,71,0,6.78,clear sky
451,Namatanai,PG,-3.6667,152.4333,78.31,78,100,6.58,overcast clouds
452,Kharp,RU,66.8014,65.8081,33.75,90,11,7.31,few clouds
453,Batemans Bay,AU,-35.7167,150.1833,49.91,81,16,4.05,few clouds
454,Terrace Bay,CA,48.7834,-87.1,56.82,43,0,6.26,clear sky
455,Ejea De Los Caballeros,ES,42.1263,-1.1372,71.89,52,68,7.85,broken clouds
456,Vila Praia De Ancora,PT,41.811,-8.8526,76.06,77,97,5.19,overcast clouds
457,Westerland,DE,54.9079,8.3033,57.94,67,75,29.93,broken clouds
458,Tessalit,ML,20.1986,1.0114,99.57,15,99,4.97,overcast clouds
459,Ukiah,US,39.1502,-123.2078,91.65,27,1,0.0,clear sky
460,San Quintin,MX,30.4833,-115.95,77.61,64,85,11.41,overcast clouds
461,Jardim,BR,-21.4803,-56.1381,99.59,19,52,3.74,broken clouds
462,Burayevo,RU,55.8407,55.4083,46.83,64,95,7.85,overcast clouds
463,Souillac,MU,-20.5167,57.5167,71.98,83,75,12.66,broken clouds
464,Aiken,US,33.5835,-81.5998,78.58,53,1,5.75,clear sky
465,Bolobo,CD,-2.1667,16.2333,75.49,72,85,2.15,overcast clouds
466,Jumla,NP,29.2747,82.1838,59.49,93,100,1.45,overcast clouds
467,Drayton Valley,CA,53.2168,-114.9854,47.91,31,74,10.45,broken clouds
468,Billings,US,45.7833,-108.5007,76.37,26,20,8.05,few clouds
469,Moron,AR,-34.6534,-58.6198,68.81,65,58,4.0,broken clouds
470,Leh,IN,34.1667,77.5833,55.51,47,30,5.06,scattered clouds
471,Nara,JP,34.6851,135.8049,72.68,80,85,1.81,overcast clouds
472,Tazmalt,DZ,36.3868,4.3989,85.05,44,100,7.47,overcast clouds
473,Moche,PE,-8.1711,-79.0092,64.58,77,58,11.5,broken clouds
474,Ternate,ID,0.8,127.4,78.58,82,100,5.14,light rain
475,Sasebo,JP,33.1592,129.7228,65.77,83,2,4.59,clear sky
476,Baruun-Urt,MN,46.6806,113.2792,51.15,74,100,9.04,overcast clouds
477,Aykhal,RU,66.0,111.5,31.82,88,91,4.92,overcast clouds
478,Borba,BR,-4.3878,-59.5939,89.94,52,100,3.38,moderate rain
479,Abu Samrah,SY,35.3029,37.1841,71.62,62,0,27.72,clear sky
480,Benghazi,LY,32.1167,20.0667,76.86,65,57,20.36,broken clouds
481,Tanout,NE,14.9709,8.8879,93.02,23,62,1.88,broken clouds
482,Mackenzie,CA,55.2999,-123.1698,44.82,65,90,5.75,overcast clouds
483,Riyadh,SA,24.6877,46.7219,91.54,13,13,7.05,few clouds
484,Besikduzu,TR,41.052,39.2284,62.49,94,100,11.56,moderate rain
485,Oranjestad,AW,12.524,-70.027,91.35,62,20,19.57,few clouds
486,Abha,SA,18.2164,42.5053,69.62,78,20,0.0,few clouds
487,Cherskiy,RU,68.75,161.3,28.27,97,85,6.08,overcast clouds
488,Kutum,SD,14.2,24.6667,83.68,25,10,7.11,clear sky
489,Fairbanks,US,64.8378,-147.7164,34.25,66,75,1.14,broken clouds
490,Karratha,AU,-20.7377,116.8463,72.27,46,30,8.34,scattered clouds
491,Brigantine,US,39.4101,-74.3646,82.02,82,90,19.57,overcast clouds
492,Minab,IR,27.1467,57.0801,89.1,61,4,5.77,clear sky
493,King City,US,36.2127,-121.126,84.43,23,77,0.38,broken clouds
494,Komsomolets,KZ,53.7453,62.0708,41.61,62,6,6.64,clear sky
495,Mason City,US,43.1536,-93.201,72.32,36,1,3.89,clear sky
496,Gornozavodsk,RU,58.3758,58.3211,36.01,87,8,2.33,clear sky
497,Madaba,JO,31.5833,35.6667,70.48,66,0,6.26,clear sky
498,Tual,ID,-5.6667,132.75,79.18,84,58,19.17,broken clouds
499,Los Llanos De Aridane,ES,28.6585,-17.9182,72.12,78,20,13.8,volcanic ash
500,Jiayuguan,CN,39.8167,98.3,60.94,34,41,2.57,scattered clouds
501,Fort Smith,US,35.3859,-94.3986,79.29,35,1,6.91,clear sky
502,Helong,CN,42.5397,128.9972,48.87,97,91,1.16,overcast clouds
503,Zhigansk,RU,66.7697,123.3711,38.77,81,77,0.76,broken clouds
504,Janauba,BR,-15.8025,-43.3089,91.42,28,30,6.96,scattered clouds
505,Fayaoue,NC,-20.65,166.5333,69.85,65,47,23.22,scattered clouds
506,Tchollire,CM,8.4022,14.1698,69.96,94,97,3.22,overcast clouds
507,Axim,GH,4.8699,-2.2405,77.38,90,82,6.11,broken clouds
508,Christchurch,NZ,-43.5333,172.6333,51.48,70,0,1.99,clear sky
509,Luderitz,NA,-26.6481,15.1594,58.37,78,52,15.52,broken clouds
510,Changde,CN,29.0464,111.6783,80.92,75,21,1.36,few clouds
511,Mporokoso,ZM,-9.3727,30.125,72.27,29,57,8.25,broken clouds
512,Nkowakowa,ZA,-23.8878,30.2871,66.25,40,0,2.64,clear sky
513,Florianopolis,BR,-27.6146,-48.5012,67.23,43,75,12.66,broken clouds
514,Palana,RU,59.1167,159.9667,38.52,85,5,3.83,clear sky
515,Gijon,ES,43.5357,-5.6615,67.46,83,100,5.01,overcast clouds
516,Lagos,NG,6.5833,3.75,77.54,87,71,3.62,broken clouds
517,Elko,US,41.0002,-115.5012,68.02,26,90,5.01,overcast clouds
518,Huntingdon,GB,52.3305,-0.1865,67.17,68,14,6.53,few clouds
519,Pimentel,PE,-6.8367,-79.9342,71.89,60,0,11.5,clear sky
520,Kindu,CD,-2.95,25.95,70.02,98,100,2.51,moderate rain
521,Mugumu,TZ,-1.85,34.7,65.21,72,95,3.98,overcast clouds
522,Voh,NC,-20.9667,164.7,58.48,79,14,5.84,few clouds
523,Gallup,US,35.5281,-108.7426,75.96,24,1,1.99,clear sky
524,Biak,ID,-0.9131,122.8766,73.83,89,89,4.85,overcast clouds
525,Buala,SB,-8.145,159.5921,77.85,83,100,2.33,moderate rain
526,Kruisfontein,ZA,-34.0033,24.7314,62.89,60,26,21.39,scattered clouds
527,Yuzhno-Kurilsk,RU,44.0306,145.8556,54.66,92,100,13.31,overcast clouds
528,Nemuro,JP,43.3236,145.575,56.32,90,100,19.91,moderate rain
529,Tomatlan,MX,19.9333,-105.25,90.3,57,5,5.73,clear sky
530,Ketchikan,US,55.3422,-131.6461,51.78,93,100,15.08,moderate rain
531,Udachnyy,RU,66.4167,112.4,33.3,82,22,4.97,few clouds
532,Buhl,DE,48.7,8.15,64.31,77,0,5.75,clear sky
533,Kulhudhuffushi,MV,6.6221,73.07,82.89,77,15,17.56,few clouds
534,Boa Esperanca,BR,-21.09,-45.5658,88.81,21,7,2.57,clear sky
535,Kijang,KR,35.2442,129.2139,65.93,73,98,6.64,overcast clouds
536,Quatre Cocos,MU,-20.2078,57.7625,71.71,83,54,15.82,light rain
537,Bagaha,IN,27.1,84.0833,77.61,88,13,6.71,few clouds
538,Togur,RU,58.3631,82.8265,32.63,90,100,6.02,overcast clouds
539,Portmore,JM,17.9702,-76.8672,87.76,81,40,6.91,scattered clouds
540,Kovur,IN,14.4833,79.9833,84.38,65,67,5.17,broken clouds
541,Kostyantynivka,UA,48.5277,37.7069,48.52,84,100,3.09,overcast clouds
542,Townsville,AU,-19.25,146.8,67.08,68,90,5.75,overcast clouds
543,Chusovoy,RU,58.3013,57.8131,37.78,86,8,2.24,clear sky
544,Ewo,CG,-0.8725,14.8206,76.77,73,78,3.42,broken clouds
545,Sao Desiderio,BR,-12.3633,-44.9733,98.74,18,46,8.86,scattered clouds
546,Matamoros,MX,25.5333,-103.25,78.91,41,1,4.61,clear sky
547,Torbay,CA,47.6666,-52.7314,71.49,74,75,12.66,broken clouds
548,Kupang,ID,-10.1667,123.5833,75.15,73,54,7.07,broken clouds
549,Glenwood Springs,US,39.5505,-107.3248,78.13,26,40,0.0,scattered clouds
550,Launceston,AU,-41.45,147.1667,48.79,96,75,4.0,broken clouds
551,Imbituba,BR,-28.24,-48.6703,69.69,67,98,17.27,overcast clouds
552,Bara,NG,10.3744,10.7288,73.9,88,87,4.03,moderate rain
553,Belaya Gora,RU,68.5333,146.4167,35.73,68,100,4.38,overcast clouds
554,Lamu,KE,-2.2717,40.902,77.22,80,12,13.73,few clouds
555,Nibbar,TN,36.2941,8.7666,77.68,74,20,3.44,few clouds
556,Nuuk,GL,64.1835,-51.7216,36.21,41,1,3.44,clear sky
557,Kontagora,NG,10.3999,5.4695,75.15,89,100,2.57,overcast clouds
558,Taltal,CL,-25.4,-70.4833,65.64,64,22,8.37,few clouds
559,Odemira,PT,37.598,-8.6397,66.16,81,18,3.89,few clouds
560,Scarborough,GB,54.2797,-0.4044,61.09,81,98,1.99,overcast clouds
561,Yangambi,CD,0.8102,24.4336,68.09,99,62,0.29,broken clouds
562,Oxford,GB,51.7522,-1.256,67.24,68,20,3.44,few clouds
563,Vao,NC,-22.6667,167.4833,66.74,61,68,17.09,broken clouds
564,Adrar,MR,20.5022,-10.0711,98.58,11,11,7.09,few clouds
565,Tabou,CI,4.423,-7.3528,78.31,85,26,6.87,scattered clouds
566,Pucallpa,PE,-8.3791,-74.5539,87.84,48,40,3.44,scattered clouds
567,Sangar,RU,63.9242,127.4739,40.75,81,100,0.76,overcast clouds
568,Cartagena,CO,10.3997,-75.5144,89.22,70,40,11.5,scattered clouds
569,Gambela,ET,8.25,34.5833,73.33,84,96,4.25,overcast clouds
570,Decatur,US,39.8403,-88.9548,69.75,42,20,17.27,few clouds
571,Velikiy Ustyug,RU,60.7644,46.3106,46.99,83,100,7.45,overcast clouds
572,Upata,VE,8.0086,-62.3989,93.2,49,32,4.85,scattered clouds
573,Aquiraz,BR,-3.9014,-38.3911,86.09,64,26,13.91,scattered clouds
574,Walvis Bay,NA,-22.9575,14.5053,58.15,82,0,8.05,clear sky
575,Mahoba,IN,25.2833,79.8667,77.92,91,62,6.02,broken clouds
576,Dhidhdhoo,MV,6.8833,73.1,82.99,77,12,17.67,few clouds
577,Takoradi,GH,4.8845,-1.7554,77.29,90,13,7.83,few clouds
578,Akyab,MM,20.15,92.9,80.2,85,100,2.86,heavy intensity rain
579,Avera,US,33.194,-82.5271,75.88,44,0,5.88,clear sky
580,Moerai,PF,-22.4333,-151.3333,70.77,63,0,14.36,clear sky
581,Khandyga,RU,62.6667,135.6,36.23,82,7,1.66,clear sky
582,Poum,NC,-20.2333,164.0167,68.02,67,31,11.7,scattered clouds
583,Inyonga,TZ,-6.7167,32.0667,74.52,30,32,4.54,scattered clouds
584,Terekli-Mekteb,RU,44.1671,45.8698,57.85,89,100,9.17,overcast clouds
585,Santa Cruz,BO,-17.8,-63.1667,87.85,35,98,17.27,overcast clouds
586,La Baule-Escoublac,FR,47.2922,-2.364,66.15,79,0,5.75,clear sky
587,Chara,RU,56.9064,118.2631,36.7,96,98,1.25,light rain
588,Tamandare,BR,-8.7597,-35.1047,81.64,67,12,8.61,few clouds
589,Karmala,IN,18.4167,75.2,73.65,91,100,8.01,moderate rain
590,Broome,US,42.2506,-75.833,68.97,81,90,3.0,heavy intensity rain
591,Kulebaki,RU,55.4133,42.5325,49.1,98,100,5.97,moderate rain
592,Wajir,KE,1.7471,40.0573,82.36,47,44,15.1,scattered clouds
593,Ahuimanu,US,21.4447,-157.8378,79.86,76,40,10.36,scattered clouds
594,Te Anau,NZ,-45.4167,167.7167,39.78,82,54,5.53,broken clouds
595,Solwezi,ZM,-12.1688,26.3894,69.44,33,40,3.94,scattered clouds
596,Nantucket,US,41.2835,-70.0995,78.96,83,90,13.8,overcast clouds
597,Edd,ER,13.9297,41.6925,89.87,70,5,2.89,clear sky
598,Shcherbynivka,UA,48.3949,37.791,49.08,83,100,3.51,overcast clouds
599,Barstow,US,34.8986,-117.0228,86.63,18,0,10.25,clear sky
600,Xihe,CN,31.6864,113.4659,73.47,90,100,3.15,light rain
601,Clyde River,CA,70.4692,-68.5914,32.23,80,90,18.41,overcast clouds
602,Isangel,VU,-19.55,169.2667,68.11,73,28,8.05,scattered clouds
603,Faya,SA,18.3851,42.4509,69.91,38,71,3.31,broken clouds
604,Sisimiut,GL,66.9395,-53.6735,30.2,71,98,2.66,light snow
605,Burgeo,CA,47.6167,-57.6152,66.78,79,49,14.61,scattered clouds
606,Khorixas,NA,-20.3667,14.9667,77.25,17,6,8.52,clear sky
607,Sao Felix Do Xingu,BR,-6.6447,-51.995,100.98,22,76,2.55,broken clouds
608,Derzhavinsk,KZ,51.1,66.3167,40.48,57,0,7.94,clear sky
609,Truth Or Consequences,US,33.1284,-107.2528,80.91,23,100,5.37,overcast clouds
610,Port Augusta,AU,-32.5,137.7667,51.71,48,0,6.87,clear sky
611,Makokou,GA,0.5738,12.8642,70.75,96,100,2.42,light rain
612,Bilma,NE,18.6853,12.9164,90.46,11,3,2.42,clear sky
613,Jijiga,ET,9.35,42.8,65.14,80,5,8.01,clear sky
614,San Felipe,VE,10.3399,-68.7425,91.44,43,100,8.16,overcast clouds
615,Gao,ML,16.6362,1.637,98.24,22,26,6.96,scattered clouds
616,Roma,US,43.2128,-75.4557,75.38,89,75,14.97,moderate rain
617,Tres Coracoes,BR,-21.6969,-45.2533,86.05,21,13,3.44,few clouds
618,Shirokiy,RU,49.758,129.523,45.07,79,58,4.18,broken clouds
619,Kattivakkam,IN,13.2167,80.3167,84.29,76,45,8.48,scattered clouds
620,Mogadishu,SO,2.0371,45.3438,77.97,85,29,16.67,scattered clouds
621,Chicama,PE,-7.8447,-79.1469,63.14,59,19,9.69,few clouds
622,Singkawang,ID,0.9,109.0,76.89,92,100,3.53,overcast clouds
623,Mazagao,BR,-0.115,-51.2894,95.05,44,35,7.02,scattered clouds
624,Pathein,MM,16.7833,94.7333,75.27,97,100,3.89,overcast clouds
625,Todos Santos,MX,23.45,-110.2167,94.01,82,0,9.35,clear sky
626,Yara,CU,20.2753,-76.9533,93.0,45,6,3.71,clear sky
627,San Luis,AR,-33.295,-66.3356,73.9,21,0,3.87,clear sky
628,Bay Roberts,CA,47.5999,-53.2648,72.05,72,9,3.0,clear sky
629,Nhulunbuy,AU,-12.2333,136.7667,70.41,88,9,0.0,clear sky
630,Ogaminana,NG,7.5946,6.2248,76.26,86,68,2.28,broken clouds
631,Dehui,CN,44.5333,125.7,43.11,81,6,5.37,clear sky
632,Pandan,PH,14.0453,124.1694,80.83,84,69,7.4,broken clouds
633,Karlskrona,SE,56.1616,15.5866,50.45,78,95,24.94,overcast clouds
634,Khandbari,NP,27.3747,87.2039,69.94,89,86,1.7,heavy intensity rain
635,Lahat,ID,-3.8,103.5333,72.03,95,45,2.66,scattered clouds
636,Boyolangu,ID,-8.1181,111.8935,75.92,92,100,2.75,overcast clouds
637,Russell,US,32.3502,-85.1999,74.97,50,1,8.05,clear sky
638,Boende,CD,-0.2167,20.8667,70.02,98,95,1.23,overcast clouds
639,Maragogi,BR,-9.0122,-35.2225,80.85,73,13,9.73,few clouds
640,Wawa,NG,9.9022,4.4192,75.63,86,83,3.44,broken clouds
641,General Pico,AR,-35.6566,-63.7568,69.69,45,0,3.11,clear sky
642,Kavieng,PG,-2.5744,150.7967,81.41,75,100,10.09,overcast clouds
643,Olinda,BR,-8.0089,-34.8553,80.33,69,20,10.36,few clouds
644,Garmsar,IR,35.2182,52.3409,86.54,12,0,7.61,clear sky
645,Tiznit,MA,29.5833,-9.5,67.6,74,1,5.57,clear sky
646,Kaduqli,SD,11.0167,29.7167,76.01,78,100,2.46,overcast clouds
647,Neryungri,RU,56.6709,124.6491,43.47,90,100,9.75,light rain
648,Margate,GB,51.3813,1.3862,64.96,83,41,7.83,scattered clouds
649,Gigmoto,PH,13.7796,124.39,80.6,85,68,6.42,broken clouds
650,Kampong Thum,KH,12.7111,104.8887,75.51,94,100,3.4,moderate rain
651,Smithers,CA,54.7804,-127.1743,43.12,81,90,3.44,overcast clouds
652,Ranong,TH,9.9658,98.6348,78.22,87,100,7.0,overcast clouds
653,Ambon,ID,-3.6954,128.1814,73.54,100,75,5.75,heavy intensity rain
654,Palmer,US,42.1584,-72.3287,81.21,67,14,8.01,few clouds
655,Schenectady,US,42.8334,-74.0829,79.03,62,100,14.25,overcast clouds
656,Maryville,US,35.7565,-83.9705,70.14,59,75,1.01,broken clouds
657,Elizabethton,US,36.3487,-82.2107,68.97,53,75,9.22,broken clouds
658,Luxor,EG,25.6989,32.6421,93.25,20,0,9.22,clear sky
659,Gamba,GA,-2.65,10.0,76.8,82,83,5.75,broken clouds
660,Shasta Lake,US,40.6804,-122.3708,86.09,23,100,1.99,overcast clouds
661,Arona,ES,28.0996,-16.681,70.83,63,75,5.01,broken clouds
662,Lokosovo,RU,61.1333,74.8167,38.34,98,100,10.04,overcast clouds
663,Vaitape,PF,-16.5167,-151.75,78.03,69,12,10.04,few clouds
664,Nova Olimpia,BR,-14.7972,-57.2881,109.99,13,45,0.49,scattered clouds
665,Fonte Boa,BR,-2.4959,-66.2662,87.04,62,41,4.07,scattered clouds
666,Shiraz,IR,29.6036,52.5388,74.64,15,0,4.61,clear sky
667,Daru,PG,-9.0763,143.2092,75.76,88,99,16.93,overcast clouds
668,Chilca,PE,-12.5211,-76.7372,63.84,79,63,7.0,broken clouds
669,Tobane,BW,-21.95,27.9,68.52,49,0,4.61,clear sky
670,Sakharovo,RU,56.8995,36.0502,44.98,98,100,4.38,overcast clouds
671,Sarangani,PH,5.4033,125.4636,83.03,72,56,4.27,broken clouds
672,Guayanilla,PR,18.0191,-66.7918,92.17,72,7,5.01,clear sky
673,Beloha,MG,-25.1667,45.05,68.23,76,92,14.09,overcast clouds
674,Mountain Home,US,43.133,-115.6912,66.22,39,40,17.27,scattered clouds
675,Luanda,AO,-8.8368,13.2343,73.35,85,79,13.98,broken clouds
676,Tarauaca,BR,-8.1614,-70.7656,95.54,36,98,2.17,overcast clouds
677,Kiama,AU,-34.6833,150.8667,63.37,59,3,6.22,clear sky
678,Port Hueneme,US,34.1478,-119.1951,97.2,71,40,9.22,scattered clouds
679,Camacha,PT,33.0833,-16.3333,70.56,60,20,12.66,few clouds
680,Monroe,US,43.1501,-77.6831,71.98,83,75,5.75,broken clouds
681,Abbeville,FR,50.1,1.8333,62.69,93,100,6.8,overcast clouds
682,Ust-Barguzin,RU,53.45,108.9833,40.21,75,84,5.75,broken clouds
683,Puerto Ayacucho,VE,5.6639,-67.6236,82.45,80,100,7.4,overcast clouds
684,Ruteng,ID,-8.6136,120.4721,62.13,92,100,1.14,overcast clouds
685,Guerrero Negro,MX,27.9769,-114.0611,84.72,50,0,2.89,clear sky
686,Komsomolskiy,UZ,40.4272,71.7189,66.92,39,0,6.91,clear sky
687,Sao Joao Da Barra,BR,-21.6403,-41.0511,73.49,57,79,13.18,broken clouds
688,Coihaique,CL,-45.5752,-72.0662,59.61,58,75,5.75,light rain
689,Danville,US,36.586,-79.395,74.57,55,40,10.36,scattered clouds
690,Balkanabat,TM,39.5108,54.3671,81.72,16,0,8.99,clear sky
691,Bud,US,39.447,-86.1758,66.83,69,18,16.22,few clouds
692,Takhli,TH,15.2634,100.3438,75.56,94,100,3.56,moderate rain
693,Cervo,ES,43.6702,-7.4101,66.2,88,100,15.75,overcast clouds
